0,C1,C2,C3,C4,W1,W2,W3,W4,L1,L2,L3,L4,R,pi1,pi2,pi3,pi4,Y1,Y2,Y3,Y4,S1,S2,S3,S4,LevF1,LevF2,LevF3,LevF4,I1,I2,I3,I4,LevE1,LevE2,LevE3,RE1,RE2,RE3,RE4
Jun-85,1.802466573,-2.696206513,3.422640244,-0.185648837,0.851370488,3.552358855,5.04385853,3.793734514,-2.147590496,-2.232818743,-3.607635236,-2.431812907,-0.040485774,0.010738763,-0.19903084,-0.034541475,-0.175799509,2.061423492,-2.941653854,-1.924751643,-2.796931258,0.031033654,-0.051899038,-0.0615625,-0.097620192,-1.483560941,1.417206712,-1.469231505,-12.49759834,8.644016817,7.783755717,12.54806014,-8.243354564,-10.61686014,-8.149034112,-9.851227916,0.136155569,0.080765366,0.139778715,0.099649591
Sep-85,2.376158999,-1.622361497,3.08010915,-0.089335174,1.616478133,3.543134958,5.289264838,3.844468261,-1.637008465,-1.714132654,-3.453977937,-1.982212034,0.061946091,-0.173183101,-0.031902402,-0.146572264,0.04371782,2.304888684,-3.347184974,-2.74363131,-3.494998461,0.076033654,-0.026899038,-0.0390625,-0.070120192,-2.8453139,-0.363706948,-2.908207544,-12.99696041,6.663586319,5.218529913,9.747077689,-5.197817269,-9.750985335,-7.518320029,-9.09E+00,0.190843933,0.13566005,0.17937265,0.141924856
Dec-85,1.715091322,-2.383523354,3.232767839,-0.101648667,2.333632589,3.917910945,4.948420514,3.766860315,-1.257300691,-1.623124337,-3.433743303,-3.874451743,0.154132077,0.045059802,-0.103375689,0.283836934,-0.128110146,2.31531234,-3.050037656,-2.82890064,-3.601930937,0.078533654,-0.011899038,0.0634375,-0.070120192,7.072875355,-0.219781407,2.198311913,2.497957387,7.788390545,8.016711255,10.489123,-2.407311936,-8.798238934,-7.303019644,-8.372975613,-8.24E-05,0.022615911,0.015819967,0.063744492
Mar-86,1.31052922,-2.146876833,3.404521559,-0.923324662,2.732120729,3.592966961,3.312075802,3.468672589,-2.173814426,-1.177229546,-5.430717331,-5.983536715,-0.039076821,-0.125205052,0.189630843,-0.010874713,0.52220221,1.895154071,-3.108384816,-2.917177946,-3.322473249,0.076033654,-0.009399038,-0.0640625,-0.055120192,-2.961883939,-1.20197997,-1.118910383,5.949428967,6.777219694,6.426267558,7.65520058,-14.35207006,-9.127258489,-7.739950114,-8.796584772,-0.237092703,-0.098696491,-0.208858432,-0.045239158
Jun-86,1.141149886,-1.8948984,3.208825126,-1.520023919,2.6663218,2.936218306,4.030195463,2.911365503,-1.981796634,-0.738486585,-3.239349847,-3.220095126,-0.175425941,-0.131987086,-0.031853692,-0.209181472,-0.022284529,1.32499199,-4.039791136,-4.099350413,-4.020540451,0.093533654,0.000600962,-0.0040625,-0.037620192,-3.460689744,-2.504219759,-3.597772498,11.94197143,5.670096405,2.812552849,4.159874389,-18.7494356,-9.143846542,-7.383228617,-8.719752489,-0.245656029,-0.176120729,-0.222651532,-0.140413591
Sep-86,2.117699377,-0.230459821,2.805782607,-1.406105363,2.764474476,2.446379251,3.938873053,2.43096494,-1.5323139,-0.77109046,-2.921779793,-2.736694974,-0.430136196,-0.114969195,-0.022702964,0.03412173,-0.190953354,1.622515596,-4.099052021,-4.36961139,-4.136646749,0.113533654,0.020600962,0.0059375,-0.027620192,-4.708384567,-3.492817335,-5.656647705,13.77586111,4.773893827,-1.282740648,2.175350163,-18.62898267,-8.105035072,-7.364638118,-8.02443012,-0.251093361,-0.202438693,-0.248417782,-0.192138031
Dec-86,2.041018627,-0.160504899,3.085670603,-0.94240852,2.959270407,2.268700736,4.734345202,2.202185234,-1.381259056,-0.884446038,-2.865359876,-4.411422365,-0.173318859,-0.036694657,-0.10717012,-0.162138995,-0.289064618,1.323724575,-3.643346242,-3.917869053,-3.48983297,0.113533654,0.008100962,0.0809375,-0.070120192,4.217592969,-3.545450693,3.756475398,20.92065722,4.901361116,-1.954735823,2.433565145,-13.04245541,-7.749338768,-7.199205189,-7.752618199,-0.281072117,-0.175322193,-0.298876474,-0.223183942
Mar-87,0.840547042,-1.132561823,2.314521093,-0.751319605,2.255867385,1.726273336,3.448498991,1.944884851,-0.577734489,-0.626015575,-4.458422442,-5.962249359,-0.367316367,0.19805329,-0.03788283,-0.181918527,-0.255261478,0.797707359,-3.028092964,-3.1219425,-2.860866481,0.053533654,-0.006899038,-0.0615625,-0.052620192,-4.20165111,-4.546339247,-2.323484075,16.78512509,1.37403886,-0.135129897,-2.228084612,-23.04531199,-7.539977623,-6.782135716,-7.429072031,-0.345602783,-0.25981652,-0.341591638,-0.286202704
Jun-87,1.364080215,-0.346473092,2.413988691,-0.544545311,1.907002546,1.3345269,3.344228817,1.572152456,-0.389274411,-0.608561446,-1.724032079,-2.062672644,-0.216862834,-0.182428141,-0.089864468,0.053498824,-0.157193925,1.033122659,-2.259086874,-1.996558529,-1.878221851,0.051033654,-0.036899038,-0.0390625,-0.090120192,0.437275815,1.543956114,0.555719101,4.948240844,2.023087007,-0.953251227,-1.264075504,-10.73553695,-7.420979425,-6.538967571,-7.259068498,-0.094520176,-0.098357386,-0.103940506,-0.108706206
Sep-87,1.671470283,0.43307612,1.842592793,-0.42764347,1.753316491,1.544860227,2.205185208,1.563146766,-0.604132386,-0.597917101,-1.399402324,-0.684541191,-0.093962801,0.009415613,0.112104897,0.029894832,0.120868816,1.028800081,-1.342673604,-0.901636451,-0.741375187,0.026033654,-0.026899038,-0.0415625,-0.072620192,0.842282127,-0.970511668,-0.894102545,-4.724351607,2.86156023,-1.796388437,0.31069419,-16.80413455,-7.462822472,-6.220757089,-7.172324129,0.125056892,0.036781883,0.104413182,-0.010527458
Dec-87,0.820798942,-0.239557698,1.019670306,-0.435740786,1.607371031,1.055711002,1.65923797,1.561646918,0.571818066,-0.297050685,-0.898135073,-1.533509641,-0.205485269,-0.027780215,-0.15517896,-0.075674881,-0.147536408,1.601859414,0.52406257,0.836131366,1.251302902,0.031033654,0.005600962,0.0784375,-0.005120192,5.191790562,1.156870032,4.16924892,-10.26382638,1.941446604,4.470401425,-0.867362861,-4.26184318,-6.550578265,-6.215653001,-6.545215596,0.14106868,0.050889433,0.101370653,0.021068468
Mar-88,1.830508032,0.876470878,1.592696833,0.185813587,2.199392286,0.612267834,1.629169657,0.816003928,0.386502592,-0.440388745,-2.340428771,-3.174420248,-0.250740513,0.008644792,0.167726699,-0.01305139,0.293535601,1.161185212,1.223765587,1.034939672,1.258705998,0.046033654,0.028100962,-0.0290625,0.027379808,0.122431254,-0.507855733,1.579454832,-17.8648821,1.367395223,-2.12534564,-0.553069869,-7.809159702,-6.19421323,-5.937558208,-6.218705752,-0.018622711,-0.073269579,-0.060232127,-0.098676918
Jun-88,1.598968249,0.793916264,1.575465981,0.159815994,2.051140767,0.547521955,2.035116325,0.741689479,0.949066498,-0.273944526,0.442024926,0.918451179,-0.013910378,0.112138856,0.22323825,0.129631264,0.200222238,1.249870622,1.592278557,1.391458451,1.609599462,0.088533654,0.028100962,0.0334375,0.014879808,2.58472405,-1.801196502,2.527909125,-16.7535595,2.14918635,-0.822279335,0.576972494,-3.003585577,-6.140159286,-5.556370332,-6.064383829,0.108756653,0.017038199,0.092377453,0.015464724
Sep-88,1.491120765,0.70287682,1.514846526,0.652723402,1.701457212,0.087995734,1.75818124,0.4672952,0.426490824,-0.169463396,0.504593146,1.490957136,0.163480002,0.287716395,0.169516262,0.107970595,0.146099614,0.953070589,1.167517176,1.248441285,1.258754831,0.018533654,0.013100962,-0.0015625,0.019879808,0.091433159,-3.535964254,-0.99464125,-22.47729514,1.108836699,-1.229091445,-0.402955108,-0.827297066,-6.197864964,-4.957795169,-5.920609936,0.103492342,0.014591913,0.092009646,0.038783409
Dec-88,1.625747488,1.219085598,1.662585571,0.591035415,1.125168055,-0.01099328,1.445429999,0.547313521,0.53149199,0.076240172,0.980166032,0.233761109,0.317414187,-0.087981309,-0.046748825,-0.070210471,-0.079218704,1.292920611,1.681481829,1.265747263,1.595179612,-0.023966346,-0.016899038,0.0484375,-0.005120192,3.381901253,-3.927665824,2.685465646,-20.97104367,1.410429491,-1.093853683,-0.054399636,6.464588353,-4.740405648,-4.449458809,-4.701827194,0.060801956,0.079660059,0.053916972,0.084059486
Mar-89,1.006382357,0.524307138,1.275124396,0.187543497,-0.018151169,-0.389690693,1.540099375,0.244442976,1.321930502,0.272783694,-0.562188107,-1.581521448,0.606273562,0.276905746,0.123124838,-0.005587355,0.227349762,1.068247853,1.565317313,0.955197986,1.410372732,0.003533654,0.000600962,-0.0615625,-0.005120192,-2.833212433,-6.649879815,-1.308618228,-21.59799397,0.92289104,1.531641258,0.033920508,-2.205504969,-4.795007421,-4.429397981,-4.634687946,0.085838411,0.095002013,0.110794445,0.136549064
Jun-89,0.337618794,-0.061340679,0.456527405,-0.490113866,-1.208878537,-1.112322292,1.070196105,-0.139210624,0.294953357,0.598460126,1.671069696,1.961738191,0.54824113,0.127574458,-0.159444993,-0.018901983,-0.188060106,0.561963495,0.516750176,-0.00470251,-0.144597743,-0.026466346,0.000600962,0.0109375,0.017379808,-0.799226933,-7.38936736,-0.761211275,-0.625838855,-0.30277039,-0.905260964,-0.168368038,0.917073263,-4.238532232,-4.287009354,-4.237476684,-0.053783379,-0.031672636,-0.03719662,-0.036044285
Sep-89,0.915432176,0.572487752,1.148506342,-0.104170538,-1.499065693,-1.125821056,1.075720739,0.115676013,0.530018858,0.261691478,1.35676806,2.393339638,0.448620972,-0.197727569,-0.279074984,-0.260449834,-0.21243905,0.857385524,-0.690617685,-1.29245826,-1.53351398,-0.008966346,0.003100962,-0.0090625,0.007379808,-0.655567104,-5.212913089,-1.401576901,-4.659346819,0.87054365,-2.693645752,2.109452065,-12.79157319,-3.512837855,-3.948306789,-3.652761448,-0.063002147,-0.047713675,-0.037464155,-0.038602331
Dec-89,0.463784113,-0.035389009,1.482348013,0.050728966,-1.23317066,-1.150939762,1.979427696,0.351095296,-0.257569486,0.411238836,1.38931345,0.365008807,0.339874516,-0.188691889,-0.039546367,0.192664212,0.040592316,0.156265958,-0.647981477,-1.437886249,-2.058420966,0.133533654,0.160600962,0.2234375,0.304879808,5.312099399,-3.046479955,4.833808218,22.52519559,-1.743576226,-4.814333548,-0.359263971,9.811698029,-2.685207646,-3.486813013,-2.973621121,-0.064223013,-0.050451095,-0.047392844,-0.043484319
Mar-90,-0.28486678,-0.207089338,-0.03617295,-0.982636417,-0.96903664,-0.500900604,1.568982328,0.13577059,0.606166023,1.157576754,-0.327210308,-1.35319899,0.336682805,0.359028473,0.507428933,0.33192728,0.367077557,-0.430158404,-0.454548223,-1.423758204,-1.723776753,0.091033654,0.138100962,0.0734375,0.239879808,0.363154185,19.10117385,1.969785161,7.95462387,-2.544526069,-5.514531047,-1.194003143,1.174239007,-1.838713444,-2.422387234,-1.980262075,0.05518828,0.050314931,0.080656045,0.094474635
Jun-90,-0.26821724,-0.405317695,-0.093150608,0.011074532,-0.328608318,-1.133301452,0.677844065,-0.150358672,0.354392115,0.680544199,1.700152827,1.806483627,0.383514459,0.32080943,0.225403664,0.098819388,0.394424795,-0.320956131,-0.267087307,-1.253176957,-1.739247448,0.093533654,0.143100962,0.1559375,0.262379808,3.415053553,14.50805323,3.800550051,6.900948044,-5.898006586,-5.946145377,-3.990275833,-12.99919669,-1.762071657,-2.600652377,-1.982493735,0.080406129,0.102315766,0.071850864,0.065466591
Sep-90,-0.637200745,-0.766657414,-0.532366081,0.09769347,-0.031341495,-1.348151688,0.171128876,-0.415518724,-0.534902798,0.63862808,0.973568458,1.453310771,0.409627672,0.095756266,0.04286609,0.388888695,0.030379744,-1.106836118,-0.54317418,-1.567888749,-2.267391076,0.076033654,0.045600962,0.0359375,0.044879808,2.756645646,13.87896613,2.987639051,5.69065633,-7.892012477,-9.230040566,-4.219833998,-6.860874576,-0.906558526,-3.008979147,-1.49405383,0.209070436,0.245751323,0.191309556,0.199624564
Dec-90,-2.109822674,-2.174128892,-2.087098454,-0.80202113,-0.347826091,-1.636468253,-0.517482905,-0.775103233,-0.723278381,0.541384581,-0.09297103,-2.264060774,0.23904094,-0.005384586,-0.261545785,0.022321194,-0.234979906,-2.951857681,-2.977444783,-3.816051828,-4.677828886,0.103533654,0.100600962,0.1609375,0.132379808,4.614512027,14.95859932,4.401270143,32.14550571,-11.52840035,-16.60692761,-6.752833997,3.01415209,-0.890517863,-3.262338901,-1.526886616,0.181270852,0.258257569,0.101605154,0.094540652
Mar-91,-2.965431154,-3.12443076,-2.46339351,-1.235869539,-0.941961802,-2.198733515,-1.181665962,-1.309102566,-2.55031493,0.321830848,-3.068351572,-6.132768068,-0.004483256,0.281859341,0.226528773,0.313143956,0.123937996,-4.161534304,-4.971598765,-6.421783822,-7.646736026,0.098533654,0.110600962,0.0484375,0.142379808,1.429245826,10.23936466,2.648896957,25.49642816,-15.79996527,-21.47809108,-10.02072473,-18.22352444,-0.793083822,-3.484520159,-1.507014775,0.121966357,0.167316876,0.090191127,0.092682185
Jun-91,-2.773539087,-3.07042258,-2.299442115,-0.856207428,-0.147731872,-1.864751612,-1.782002539,-1.191439392,-1.63249366,0.099844598,-1.407242506,-3.092892264,-0.004831837,-0.058540529,0.002698092,-0.107637993,-0.015119326,-4.077860379,-4.767178471,-6.395849275,-7.816167636,0.186033654,0.163100962,0.1759375,0.254879808,3.351861226,8.05850408,3.447047959,19.80205146,-17.10918816,-22.6975124,-12.30678509,-31.40215112,-0.513984757,-3.390242224,-1.273157752,0.116002639,0.120250206,0.126957438,0.136457409
Sep-91,-3.139408288,-3.216487887,-2.730722101,-1.28672587,-0.300263971,-1.964573715,-2.300699609,-1.642366816,-1.639321086,0.056408088,-1.835219404,-2.713016423,-0.063388923,0.026522447,0.223762272,0.114941234,0.161585084,-4.352728505,-4.258340952,-5.721726487,-6.772030494,0.223533654,0.170600962,0.1634375,0.264879808,1.503366452,2.60861643,2.30569215,26.23612975,-18.21296871,-21.1329582,-14.93259447,-25.36585811,1.060286072,-3.655604944,-0.252558115,0.030649153,0.036773948,0.04173768,0.045716641
Dec-91,-3.689567027,-3.297717678,-3.95169852,-1.133674781,-0.099838943,-2.318735659,-2.625573147,-1.803553813,-1.54539497,-0.228167932,-2.616757031,-5.764333319,-0.266535612,-0.146946518,-0.059713782,-0.081675875,0.026460927,-4.515805341,-4.68578808,-6.032275763,-7.125269768,0.273533654,0.158100962,0.2134375,0.204879808,2.551813096,3.729318582,2.673652145,28.42378291,-19.31607616,-18.02817848,-16.76298855,-34.31545883,1.801117733,-3.712984883,0.218773706,-0.004397143,0.006529332,-0.005713901,-0.004775086
Mar-92,-3.217631874,-2.192148819,-3.562381021,-0.90860262,0.82083052,-2.337192482,-2.95259067,-1.995036917,-1.709246745,0.21558329,-4.920357951,-8.410973283,-0.330613386,-0.196687113,0.162771616,-0.134440161,0.2101452,-4.687650444,-6.045158593,-6.829706687,-7.651367883,0.176033654,0.118100962,0.0609375,0.182379808,2.211111322,0.148013278,2.503704739,-18.20854246,-20.08333807,-21.65867507,-18.96665279,0.865161248,5.926153612,-3.589043802,3.106712533,0.02054155,0.009134607,0.036830856,0.032218686
Jun-92,-3.788869783,-2.747482594,-4.156537823,-1.363908868,0.622519913,-2.380604985,-2.811236286,-2.201906957,-2.144557324,0.587760684,-2.578121876,-4.575415458,-0.34179714,-0.065803775,-0.21252804,-0.116952774,-0.253466975,-4.574337607,-4.619734966,-5.694973863,-6.477039959,0.063533654,0.040600962,0.0534375,0.069879808,3.200584593,-2.239115149,1.046183028,-12.78010294,-17.8325684,-16.59117282,-17.02298433,1.14836061,6.443056985,-3.277110628,3.579520621,-0.00235422,0.006703941,0.01410368,0.003937401
Sep-92,-3.216940988,-1.907368054,-3.944068314,-0.717367333,1.21703205,-2.538103461,-4.254238249,-2.164993219,-1.92338755,0.324821101,-2.86042912,-4.159570987,-0.438555137,-0.196339242,-0.114445604,-0.234247953,-0.098604788,-4.097304756,-4.288852436,-5.694266559,-6.16838725,0.093533654,0.083100962,0.0784375,0.129879808,-1.540975863,-3.723787489,-2.195841794,-9.164477988,-17.03241385,-16.24008994,-15.95641172,-2.297618295,7.242536287,-3.498148268,4.030483902,-0.083416742,-0.091154209,-0.059186716,-0.067399635
Dec-92,-2.538512634,-1.211520913,-3.334972798,-0.031390676,0.729091108,-2.800410801,-3.991500796,-2.332265071,-1.731573533,0.070427917,-2.972274276,-6.071461009,-0.481642016,-0.072295214,-0.056120517,0.120055157,-0.022900128,-3.473365289,-3.666384411,-5.226249365,-6.200894591,0.036033654,0.053100962,0.1009375,0.089879808,-3.34016848,-3.544373822,-2.792328525,-22.47657383,-14.6734587,-13.80015886,-14.12313435,0.667863227,8.046949368,-3.405125135,4.605978113,-0.010476835,-0.002335574,-0.020840436,-0.022075575
Mar-93,-2.66377989,-1.379690369,-3.616376322,-0.076745222,-0.110192599,-2.920767993,-3.909302132,-2.249065444,-1.308845404,-0.190980572,-4.658423374,-7.656219203,-0.419038321,-0.022866667,-0.126096361,-0.06504533,-0.13456742,-3.617151437,-3.503034627,-5.080830162,-5.74478575,-0.011466346,0.010600962,-0.0365625,0.042379808,-2.982073668,-5.749746477,-4.120194237,-2.809927241,-14.53269327,-12.15621631,-14.17769211,-5.646087645,9.032024469,-4.017237827,5.109277225,-0.151313183,-0.159678915,-0.126120592,-0.125331448
Jun-93,-2.833207675,-1.370697799,-3.803160267,-0.547101978,-0.745335887,-2.828727607,-4.499992576,-2.787862847,-0.820235553,0.143602592,-1.929885014,-3.656595265,-0.408423568,-0.047815471,-0.061663474,0.017478323,0.010952737,-3.944903176,-4.234099366,-5.405495792,-6.115520418,-0.043966346,-0.034399038,-0.0290625,-0.017620192,-0.305008673,-5.697276911,-3.152220151,-7.983652857,-13.56332329,-12.64517082,-13.05115674,4.774470308,9.086719925,-4.59553097,4.970118111,-0.148697921,-0.161021532,-0.135277269,-0.124894487
Sep-93,-2.136487219,-0.829436301,-3.055052931,0.246149633,-1.131396247,-2.566642497,-4.928438074,-2.954906959,0.492364223,-0.262588654,-1.789884592,-2.67944733,-0.384715373,-0.120142855,-0.184264554,-0.294005924,-0.173680878,-3.649387362,-4.22299164,-5.576682723,-6.487323057,-0.081466346,-0.056899038,-0.0640625,-0.052620192,-3.40188506,-5.816790325,-3.929799538,-1.9449655,-12.27119479,-13.25226796,-12.69440534,-1.777605348,8.973507746,-5.28956137,4.680796661,-0.310308613,-0.324100926,-0.288481729,-0.275913592
Dec-93,-2.264254671,-0.98734292,-3.228263972,-0.03330338,-1.764815266,-2.314296303,-4.734594636,-3.118690648,0.480306524,-0.03894489,-1.560183301,-4.016237564,-0.41257609,-0.015704516,-0.162381196,0.11418277,-0.292310288,-3.287126268,-3.482781245,-4.680484112,-5.409718101,-0.101466346,-0.064399038,-0.0215625,-0.045120192,-6.358614497,-4.916881184,-4.860835618,-10.63080453,-9.213224321,-9.268606156,-10.00081665,1.248505233,8.925965485,-5.776401707,4.531202467,-0.203729888,-0.224053961,-0.205820684,-0.200959603
Mar-94,-2.003742401,-0.789504514,-2.599458585,-0.03594359,-1.433933022,-2.382790266,-5.01778748,-3.264819792,1.243214412,0.018040436,-2.789945557,-5.098500666,-0.318927624,-0.0208346,0.056490967,-0.130962768,0.118875131,-3.018890099,-3.048435336,-4.107235077,-4.994010862,-0.133966346,-0.094399038,-0.1290625,-0.097620192,-3.693032656,-3.695318676,-3.224695074,-8.386221863,-8.584022199,-6.04490858,-9.957027033,-0.735123816,8.528252254,-6.479517008,4.005433766,-0.076352431,-0.075814936,-0.062200546,-0.059930915
Jun-94,-1.881944807,-0.610788258,-2.282002064,0.068171934,-2.469069704,-2.570786172,-4.761737322,-3.456638884,1.938557808,-0.154198959,0.181428553,-0.353895126,-0.097934021,-0.05542011,0.010220775,-0.051902832,-0.227441859,-2.154974298,-2.338608021,-2.956698223,-3.501067101,-0.161466346,-0.109399038,-0.1065625,-0.110120192,-0.052315263,-4.688627107,-1.438452591,-3.88790211,-6.857499803,-1.13818824,-8.729975428,9.796405399,7.969449667,-7.154337018,3.376410847,0.069560403,0.068321882,0.072600911,0.082399676
Sep-94,-2.234712285,-0.741749294,-2.428342406,-0.28979056,-3.622141131,-2.546806806,-4.491990408,-3.76919389,1.650389952,0.206707558,0.512689655,0.880390468,0.011440004,0.077287448,0.023610365,-0.038676765,-0.005802694,-2.682983886,-2.068695961,-2.273222681,-2.663005788,-0.191466346,-0.139399038,-0.1440625,-0.167620192,-2.187487948,-4.958283414,-1.740656941,3.710757957,-7.094795721,-4.251189035,-8.405209131,7.123168963,7.2459182,-7.30962717,2.856320568,0.166792981,0.166109612,0.16384479,0.168796833
Dec-94,-2.149467411,-0.549363111,-2.122983281,-0.667797574,-3.914382097,-2.532517138,-4.703082198,-3.734171299,2.809466363,0.313551154,0.863174021,-0.391067774,0.177790944,0.013547027,-0.092113002,-0.215757571,-0.060935028,-2.421820325,-0.829007176,-1.033843285,-0.951317832,-0.193966346,-0.146899038,-0.1140625,-0.160120192,-2.016388951,-2.978037047,1.327025744,-14.83237187,-5.455870354,-0.742304998,-5.580317273,6.353393729,7.029399771,-7.556643217,2.677403134,0.210586193,0.202758671,0.206746816,0.211973718
Mar-95,-2.645922542,-1.118400014,-2.230506004,-0.738017785,-4.113502106,-2.662118292,-4.699812356,-3.853771996,2.148953185,0.136834491,-0.494471089,-1.727216357,0.294708142,0.084960086,0.175824113,0.299403759,0.194768223,-2.376309004,-0.306389384,-0.391549023,-0.318988472,-0.171466346,-0.129399038,-0.1565625,-0.155120192,-0.838261485,-2.401012231,0.681067482,-3.582112285,-3.837680045,-0.492353136,-2.542252838,10.91483418,6.876926204,-7.547529888,2.586267534,0.123576684,0.110875658,0.118920313,0.122037993
Jun-95,-2.203613693,-0.569247613,-1.968213885,-0.1444852,-4.342517604,-2.665166858,-4.367800874,-3.848743925,1.433256677,-0.279223563,1.815761909,1.877363348,0.28316982,-0.032066164,-0.033593815,0.056759838,0.032112378,-2.532217031,-0.751486829,-0.745083582,-0.870320505,-0.203966346,-0.136899038,-0.1390625,-0.177620192,1.026708162,-1.265599086,0.246081633,-10.01926796,-4.577880489,-3.742083032,-2.269236913,11.53417205,6.452854701,-7.630689434,2.310557163,-0.064230516,-0.082059553,-0.069650614,-0.07353516
Sep-95,-2.308533776,-0.657467374,-2.461672937,-0.360471192,-4.754546108,-2.455619568,-4.608846176,-3.697577696,1.176879607,-0.074398431,1.706896742,2.527645267,0.216470012,0.006194311,0.040423436,0.004144507,-0.074982836,-3.024251663,0.028566238,-0.400594544,-0.83792427,-0.161466346,-0.119399038,-0.1215625,-0.140120192,0.363256284,-2.436441981,-0.220986241,-6.843039702,-4.465079135,-5.851433168,-2.911226426,21.82033703,6.266642517,-7.863006869,2.11598018,-0.045407615,-0.046136385,-0.051556182,-0.052346834
Dec-95,-2.025716199,-0.331087972,-2.218558869,-0.147400924,-4.750415801,-2.450570759,-5.496942507,-3.592276111,0.723736541,-0.445464899,1.605570221,0.783721454,0.150225766,0.055507998,-0.039976589,-0.10925579,-0.02209681,-2.728690858,-0.283529154,-0.341854119,-0.522224644,-0.173966346,-0.119399038,-0.0965625,-0.150120192,-0.591603657,-0.447372607,0.8533101,-0.991073149,-3.19155954,-3.640876384,-1.936674365,24.78290264,6.272084038,-7.884963546,2.161313836,-0.144986675,-0.166392974,-0.149343079,-0.161952165
Mar-96,-2.112309385,-0.71620278,-2.424636171,-0.103404363,-4.674424445,-3.078174457,-4.972378656,-3.651954575,1.08361011,-0.237500811,0.188706565,-0.517679979,0.062418839,0.136168823,0.02031961,0.144200982,-0.101142609,-2.802640223,-0.327535672,-0.15062802,-0.645577621,-0.156466346,-0.096899038,-0.1115625,-0.120120192,-1.271332788,-1.008744422,-0.546121748,0.316446885,-2.462841689,-3.480881662,-1.52360716,21.94359904,6.420838015,-7.542020404,2.385117291,-0.000471379,-0.01533862,-0.00302577,0.000126432
Jun-96,-1.869296341,-0.310834767,-1.883123105,-0.254033989,-4.563295983,-1.5322631,-4.598683855,-3.263726951,2.262789105,-0.145685419,2.815870202,3.590775071,0.038437096,-0.048972307,-0.089787931,-0.031186858,0.123725153,-1.881699282,1.083519991,1.116378364,0.782586941,-0.163966346,-0.104399038,-0.1090625,-0.135120192,-0.838182851,-0.86446257,-1.281121798,3.370361243,-0.697996338,0.541663064,-0.426318886,16.58014332,6.185948494,-7.405637951,2.232101808,0.100725207,0.087121372,0.08997462,0.096467759
Sep-96,-2.377824707,-0.463453955,-2.132295056,-0.7571224,-4.542591116,-1.354862907,-3.904468422,-3.077589781,2.631464474,0.168652228,2.710550822,4.353008428,0.03362939,-0.105317597,0.159400498,0.036443351,0.228978461,-1.833606011,1.548284152,1.818071786,2.029025451,-0.183966346,-0.106899038,-0.1090625,-0.142620192,-1.318594949,-0.660189646,-1.124432645,12.14728595,0.59212181,4.211222745,1.527314853,18.64433546,5.883609004,-7.138202986,2.111613323,0.096190312,0.096091285,0.079738858,0.08215054
Dec-96,-2.503330514,-0.610472419,-2.116217704,-1.04008997,-5.201812541,-1.183034276,-4.36896837,-2.961229417,2.441613402,0.316597569,2.926139413,3.062462231,0.020820551,0.136067194,0.001301065,-0.077024534,0.105021379,-2.045538952,2.130980047,2.502127248,2.697099714,-0.193966346,-0.109399038,-0.0915625,-0.150120192,-3.008360913,0.907961584,-2.216479206,3.531736889,0.833210799,2.850635757,2.556009141,10.81358072,5.127704433,-6.979578229,1.660095104,-0.01155179,-0.015879052,-0.023708525,-0.025306793
Mar-97,-2.56982638,-0.779330224,-2.431569232,-1.231174937,-5.51678758,-1.342841489,-3.887979977,-2.780095214,3.156005464,0.595130918,1.725161151,2.159740768,0.037814392,0.237206962,1.95E-01,-0.011181097,0.171764942,-2.048074481,3.20787373,3.813751652,4.279480093,-0.176466346,-0.094399038,-0.1065625,-0.130120192,-0.803432943,-0.558150946,-2.246145846,-1.157186209,1.021030744,3.941204207,3.077857897,18.99951212,4.431901745,-6.600447153,1.273866098,0.067463058,0.063700137,0.059607166,0.064062847
Jun-97,-2.895699119,-0.833955291,-2.959558686,-1.216677566,-5.424920638,-1.323327866,-3.201788205,-2.364783238,2.595158867,0.534707446,4.285386224,6.048241002,0.07490171,-0.16947984,-7.89E-06,-0.0063498,0.064985958,-1.310646084,3.758307934,4.709168893,5.421149405,-0.176466346,-0.089399038,-0.0965625,-0.115120192,0.414307234,-0.260067555,-1.708215217,-0.788399801,2.199496961,9.255279566,4.338471588,23.47729906,3.40683285,-6.176891048,0.681028056,0.033206231,0.024828548,0.029675444,0.040242364
Sep-97,-2.043570703,0.05799736,-2.050872679,-0.800734497,-5.165822363,-1.116365019,-2.641361719,-1.908495703,3.209656773,0.579147025,4.256064514,6.955565085,0.067349672,-0.050170865,-0.157833877,-0.119896404,-0.068810166,-0.697412988,5.526081191,6.326855313,7.166933729,-0.153966346,-0.086899038,-0.0890625,-0.115120192,-1.226441787,-0.386773658,-2.018707036,5.034621484,4.953965004,10.03186637,7.971374549,25.78425432,2.59379118,-5.706067362,0.284028277,-0.041893057,-0.040033931,-0.038551432,-0.034325377
Dec-97,-1.75106762,0.304117605,-2.04766977,-0.564883189,-4.088130852,-0.258786686,-2.049655401,-1.322190907,3.607832377,0.634100366,4.644485815,6.134299144,0.057878628,-0.026604268,-0.092497395,0.001184092,-0.102020327,-0.486147835,7.716647701,8.136740013,9.102247537,-0.171466346,-0.096899038,-0.0790625,-0.127620192,-1.699183983,2.046107045,-1.853220039,-1.254867766,4.566219546,10.62356959,7.19462269,18.84042096,1.682116941,-5.471109177,-0.302333526,-0.13292635,-0.133442933,-0.120139752,-0.122222662
Mar-98,-1.313904602,1.073351681,-1.718552665,0.056446493,-2.843201002,0.114063485,-1.641348814,-0.549871438,2.678802097,0.39751071,3.232373152,5.047616267,0.059166837,-0.226811489,-0.03237179,0.003267991,-0.02610458,0.30923991,8.198750826,8.582606737,9.878408508,-0.148966346,-0.091899038,-0.0990625,-0.112620192,0.336161208,1.858189219,-0.39597457,6.648261913,6.422545671,14.58467197,9.178711964,21.4845226,1.239709328,-4.545617717,-0.308003548,-0.129959007,-0.12542907,-0.117631709,-0.121010325
Jun-98,-0.261644538,2.192820561,-0.997480502,0.682961458,-2.11092625,-0.330645194,-1.308965018,0.057389405,2.602723927,0.261333141,5.768078021,8.93449047,0.083856381,-0.156793716,-0.176074465,0.004562968,-0.213747042,0.957405324,8.319787665,8.661670602,9.788245913,-0.148966346,-0.094399038,-0.1015625,-0.115120192,0.122928823,0.873451418,-1.405008265,-1.248182337,8.79762862,12.57994959,11.3624406,24.87723486,0.850585804,-4.133250108,-0.472455508,-0.175473307,-0.17593955,-0.15849441,-0.173172808
Sep-98,-0.040826133,2.43254721,-1.213906399,0.861456777,-1.271266196,-0.102207531,-1.185782243,0.352065306,2.3183507,0.568444997,5.546355933,9.204561706,0.082052366,-0.016720828,0.084338998,0.005141168,-0.030302843,1.381471541,8.319834667,8.853384864,9.935084159,-0.138966346,-0.076899038,-0.0790625,-0.095120192,-1.244992712,0.401835628,-1.697403179,0.646314133,9.252222068,14.16249105,11.02623426,24.69908418,1.442721891,-3.307958731,0.119109741,-0.184370307,-0.177343188,-0.172621442,-0.176118926
Dec-98,0.735328394,3.511753606,-0.454000992,0.877622763,-1.70746364,-0.312390947,-0.436358778,0.563694222,3.510647771,0.52415176,5.826833617,7.855125876,-0.111192514,-0.103232761,0.061280953,0.119162042,0.001957207,2.369019972,8.662330924,9.503975472,11.02384234,-0.118966346,-0.096899038,-0.0765625,-0.120120192,0.039599783,2.655298343,-0.189652998,-5.752101811,11.27847343,16.4298446,12.9061277,15.60019803,2.014041763,-2.448394169,0.888699175,-0.148941391,-0.134398839,-0.177307334,-0.179649257
Mar-99,1.152965083,3.745819532,0.959222921,1.224249752,-0.829710489,0.064866696,-0.327109683,0.933147135,2.230649111,0.297745382,4.40142184,6.182452061,-0.060876849,0.035622205,-0.126191316,-0.393840704,-0.056909052,3.091665462,8.882261665,9.908621308,11.49949753,-0.108966346,-0.094399038,-0.1015625,-0.112620192,-2.479218052,1.122947498,-1.943786778,-0.765144165,12.38134024,18.82112266,14.14118278,19.95366212,2.377335313,-1.573151416,1.442642064,-0.073862712,-0.059254517,-0.092238724,-0.093454307
Jun-99,1.790087038,4.325551238,1.11555928,1.490944517,-1.322103031,0.816438085,0.648401371,1.155973756,2.861480339,0.432960366,6.831843868,9.755919364,-0.05192973,-0.066428862,-0.023167511,-0.051822238,-0.244468897,3.242485679,8.641776513,10.18873462,11.84612933,-0.106466346,-0.106899038,-0.1165625,-0.122620192,-0.086494283,0.256415103,0.271909497,-4.209664606,13.53578425,17.39921154,15.33511721,20.14246187,1.889356307,-0.837218262,1.368439793,0.048782664,0.063525763,0.045508565,0.0628877
Sep-99,2.280066739,4.759694876,1.032093164,2.04836094,-1.311786921,1.247975867,0.700390624,1.579598143,3.386769696,0.347403685,6.557194093,9.985413897,0.088257796,-0.055891757,0.047764815,0.1160445,0.008499528,4.003382632,8.286683512,10.46054543,12.06760883,-0.101466346,-0.106899038,-0.1090625,-0.122620192,0.559355716,-0.343593796,1.316500492,5.288036843,14.7463053,19.02182128,16.71024458,26.91808591,3.396592598,0.173718072,2.708649997,0.094457837,0.116915021,0.08391636,0.094856948
Dec-99,2.790147234,5.427105476,2.31595798,2.44343946,-0.002512817,1.264756816,1.180417328,1.636467997,3.10949223,0.448488064,6.982642196,8.908437078,0.13732714,-0.085529124,-0.027092104,-0.054773863,0.022384349,4.933621377,9.169132609,11.72588083,13.52016215,-0.078966346,-0.099399038,-0.0765625,-0.112620192,3.183741176,0.086409192,3.297545888,10.70292277,14.33659619,21.47449991,15.79667297,29.13855396,2.611690324,1.217057435,2.523278863,0.093595416,0.088846571,0.115938045,0.100394318
Mar-00,2.204357684,5.029273518,-0.495975717,1.921597495,2.437900078,1.191255294,1.558437977,1.620439996,3.363095005,1.750141042,5.642828438,8.171123942,0.307864553,0.344853096,0.273397073,0.166715292,0.280431058,3.490711887,9.144492712,12.19198866,14.0463729,-0.083966346,-0.104399038,-0.1115625,-0.122620192,2.859249037,0.268745211,4.249884761,7.939320922,15.08722787,17.82516492,16.90354375,22.65111026,3.14807122,1.668234053,3.024475973,0.141568976,0.154680658,0.146974555,0.122381403
Jun-00,2.535446575,4.90709833,1.023682305,2.540165136,1.896801453,1.327112978,1.518647736,2.027203368,2.937413629,1.564677332,7.720829426,11.37139053,0.514870454,0.047301988,-0.236673738,0.052993513,-0.274875459,4.910923785,9.997822446,12.64609916,14.4484268,-0.071466346,-0.096899038,-0.1090625,-0.112620192,3.997775094,1.106269059,3.942433278,1.972217249,16.91905151,23.76685918,19.64733267,35.29354586,3.890338357,1.962850418,3.61997878,0.173693592,0.197221997,0.179854366,0.16863705
Sep-00,3.06633526,5.261901743,1.405223914,3.088357614,2.955998119,1.361684879,2.177911752,2.179310216,2.46168279,1.21783935,7.219816002,11.1598544,0.553152849,0.131257463,0.136197813,0.106485322,0.143252602,4.816426309,9.525045672,11.90247318,13.64089052,-0.061466346,-0.099399038,-0.1040625,-0.117620192,3.28479686,-0.102311846,3.121544748,2.104702598,16.81570562,21.60280477,20.14968241,32.70851523,4.55596591,2.03862211,4.12153555,0.147695862,0.174178626,0.174814094,0.18440362
Dec-00,2.941481532,4.923982712,1.518918642,3.024841067,2.626223504,1.466719864,2.445985176,2.613238091,1.233828727,1.433118492,7.102696895,9.589122936,0.567197948,0.043287896,-0.012574768,-0.004050463,0.059461145,4.477688959,8.942679845,11.05009294,12.17316586,0.038533654,-0.051899038,-0.0240625,-0.052620192,4.243997049,1.532856765,3.401749734,-6.386555836,15.89923749,20.48975657,19.068855,26.73255281,2.6191949,2.646429011,3.012556803,0.076193823,0.100635321,0.121977945,0.164818073
1-Mar,2.374994096,4.358346718,0.115584596,2.597211159,3.788945699,1.13906399,2.441444591,2.737111299,1.135449814,1.608287854,5.147967081,7.584492336,0.341146242,0.184302065,0.201013309,0.213189743,0.396498615,3.153424706,7.70097097,8.991746064,9.805610798,0.013533654,-0.061899038,-0.0740625,-0.072620192,3.066549312,2.028966468,3.094963021,-17.15911723,13.75942966,13.94440634,16.06127468,15.5271429,3.667100382,2.891248176,3.774751093,0.041713201,0.059067995,0.066360867,0.084902118
1-Jun,2.651879065,4.472769143,0.639067092,2.988836138,3.058146214,1.422812474,2.043704611,2.639514243,0.617848257,0.917922378,6.335596094,9.099907492,0.053783723,0.170759276,-0.011697816,0.157706343,-0.033431024,3.624132469,6.23266358,7.024647994,7.751590617,0.056033654,-0.036899038,-0.0490625,-0.047620192,-0.422783646,1.502388605,0.105540252,2.282788294,11.89388766,13.37754905,12.76809214,7.640579244,3.779497716,3.396767902,3.979034098,0.084232105,0.094389665,0.110401572,0.114574453
1-Sep,2.156788348,3.848533195,0.334675352,2.391345998,2.68986921,2.058519751,1.619842782,2.758539489,-0.594595157,1.062181392,4.892369974,7.363333895,-0.123816835,-0.20576471,-0.717592194,0.05048968,-1.055734927,2.628839628,4.193689366,4.926256881,5.563524502,0.096033654,-0.009399038,-0.0140625,-0.007620192,-0.92243421,0.610570801,-0.88589536,14.20051202,10.1617779,10.16259999,9.929899231,-5.870618124,4.236509752,3.622464332,4.307924635,0.11370257,0.111476431,0.111497297,0.131200712
1-Dec,2.997635069,5.044077438,0.630037429,2.190187275,2.905407405,2.425393715,2.584730587,2.881316659,-0.896881451,0.985772641,3.617321835,3.94007867,-0.390616271,-0.227963969,0.530352584,0.158046867,0.576345208,2.386346699,2.476237573,3.150768785,3.704004058,0.323533654,0.043100962,0.0734375,0.037379808,-1.245202258,1.01860379,-1.033317491,8.534707908,6.707337236,3.363642934,5.49832431,-5.200393699,4.010194744,4.332828624,4.330665801,0.135023986,0.100145398,0.136976276,0.139574919
2-Mar,2.72522311,4.766028246,0.566071014,2.287970783,3.18240962,2.808002427,2.781354304,2.678721932,-0.923261444,0.812032726,1.489407941,1.219316363,-0.370498038,-0.198497872,-0.04013152,-0.105774262,-0.042124613,2.804727514,2.463025246,3.201260871,3.820368349,0.158533654,0.028100962,0.0184375,0.044879808,0.452390845,-0.599150902,0.417365326,15.82254401,4.90348157,5.900327464,2.260434021,-12.31084164,4.046044058,4.803156805,4.481936688,0.16802468,0.135144,0.13659706,0.136909098
2-Jun,2.512633824,4.552023371,0.120168494,2.161738317,3.347777835,2.951122028,2.710086557,2.854847824,-0.474712016,0.742474833,3.012255436,3.78412847,-0.327101456,-0.112690501,0.123825292,0.002239046,0.039149672,2.823619086,2.446591887,4.147989879,4.617441132,0.206033654,0.023100962,0.0134375,0.039879808,-3.024796366,-1.679623562,-1.909360472,7.103734484,3.467561694,6.226288225,-0.654625635,-14.94495714,4.091095601,4.826900993,4.470564967,0.147448589,0.091157077,0.062532587,0.05532804
2-Sep,2.18137237,4.253259436,-0.456044739,1.574018342,2.955663201,3.165848789,3.186126885,2.966724768,-0.839064534,0.959313741,2.062031889,3.077785272,-0.293834282,-0.140567031,0.080074396,0.055821988,0.05171398,2.482848018,2.314677272,4.071737941,4.715284896,0.278533654,0.025600962,0.0209375,0.044879808,-1.03725847,-1.250608752,-1.401574136,2.75650252,1.982386198,5.275547822,-2.667602265,-13.89300042,3.858355953,4.799615784,4.243928886,0.030434634,-0.007214993,-0.035629577,-0.080629035
2-Dec,2.376200768,4.034195338,0.789580776,1.873887087,2.522980296,3.482117561,3.554767072,3.056779056,-1.144658176,0.329224264,1.524601316,0.512963178,-0.393899836,-0.007152428,-0.189407126,-0.100271648,-0.064082269,2.713931319,1.619888724,3.324968146,3.790460227,0.171033654,-0.016899038,0.0134375,-0.015120192,4.253989223,0.825204014,2.669192684,-7.174329139,1.322549143,4.895943851,-4.854827684,-13.57039656,3.337127287,4.951614432,3.915717379,0.064029581,0.039571194,-0.003340948,-0.033957483
3-Mar,1.739882788,2.810735155,0.850984838,1.195893664,2.950748321,3.275607615,2.779946095,2.674080961,-1.065360699,0.69044317,-0.520510358,-1.979035625,-0.37031779,0.105150963,-0.182017619,-0.307424049,0.153628573,1.894384353,1.933385552,3.467957304,3.658325491,0.141033654,-0.019399038,-0.0315625,-0.012620192,2.838373999,0.761810012,2.532909622,-16.18410178,0.281379044,3.591187132,-7.115644967,-11.17590171,2.622253734,4.070631468,3.114514625,-0.039738827,-0.051436449,-0.043530774,-0.07010227
3-Jun,1.465318223,2.738669515,0.260791663,0.563317242,3.988882766,3.35586695,3.110024847,2.505680446,-1.763220479,1.100430807,1.148135064,0.913557594,-0.363361629,-0.329827302,-0.152209856,-0.255209981,-0.080040738,1.704315591,0.792046778,2.054518373,2.507768829,0.096033654,-0.024399038,-0.0365625,-0.022620192,-1.576103896,1.083931843,-0.080674357,-7.832067286,1.253395474,2.826108569,-6.14849544,-12.3733336,1.683276916,3.345869351,2.207279636,-0.208882862,-0.225714741,-0.179126216,-0.219487139
3-Sep,2.714098721,3.861962868,2.214517115,1.177339012,4.309707582,3.297604459,2.595561564,2.006729995,-1.285396888,0.446473215,0.463207715,0.558924624,-0.408073391,-0.084143188,-0.026271803,-0.153142318,-0.041864917,3.103686099,0.991371141,1.97577795,2.262191086,0.063533654,-0.049399038,-0.0540625,-0.047620192,-0.44137644,1.40920445,-0.31552731,-5.873838431,4.146318021,6.107694825,-4.355551383,-10.14747542,1.014730787,2.439259213,1.414974772,-0.038889964,-0.048708353,-0.033027227,-0.037492015
3-Dec,2.634876987,3.61559613,2.131711928,1.199222649,4.230641687,3.273285511,2.013746739,1.544612128,-0.839994173,0.28655995,0.296237948,-1.158924332,-0.414268011,-0.138177286,-0.079312719,-0.259221628,-0.104019141,3.448569256,0.963637906,2.224536721,2.57480065,0.006033654,-0.056899038,-0.0265625,-0.060120192,2.101625939,1.354100955,0.76249765,-3.553207996,5.787384703,8.961436434,-3.704045842,-10.13026304,-0.232681092,1.567857202,0.257344815,-0.067617017,-0.065720883,-0.070521806,-0.061859649
4-Mar,2.942136512,3.542952647,2.575767487,1.551167747,2.534869862,2.899957398,1.767293591,0.934416662,0.041438752,0.13735184,-1.041630557,-2.244826107,-0.414005379,0.191929318,0.16213266,0.147258644,-0.018898483,3.646262366,1.152625766,2.247208944,2.433837953,-0.041466346,-0.076899038,-0.0890625,-0.082620192,1.24040133,-1.940570903,1.727712711,-11.28770365,5.205369535,8.69173345,-5.593919801,-7.776775323,-0.544823312,1.24809681,-0.106025677,-0.172896602,-0.172025489,-0.134377311,-0.132809356
4-Jun,2.636386887,3.047273074,2.142993868,1.377457741,2.657685367,2.486821945,0.970368293,0.544236562,-0.787211729,0.192261419,1.290615767,1.98026026,-0.416586467,0.152536252,0.128420731,0.037562648,0.103369081,3.929914954,0.57025994,2.048189766,2.400225022,-0.093966346,-0.094399038,-0.1065625,-0.097620192,0.993712942,-0.392297239,3.388223988,-16.8888342,7.875104123,11.95222458,-3.80459545,-12.4622216,-1.356934285,0.690825204,-0.889476932,0.009980964,-0.005354252,0.022682975,0.036978211
4-Sep,3.024882691,3.309510244,2.554918649,1.663452062,3.091501353,2.747891486,0.504299143,0.272175053,-0.281731488,-0.133889484,0.609034052,2.196045396,-0.286053494,0.018134572,-0.114720141,-0.070793039,-0.053592948,4.333204204,0.316661533,1.847276095,2.581284361,-0.126466346,-0.114399038,-0.1190625,-0.122620192,-1.551711612,-0.705388328,-1.031689873,-15.9834262,9.995386294,12.62607797,-1.636238643,-8.71900441,-1.98453859,0.246530246,-1.506771297,-0.104166579,-0.108331737,-0.089480241,-0.082594596
4-Dec,3.238312465,3.1060764,2.801962514,1.889984891,2.758342888,2.234849599,-0.40823431,-0.100216892,-0.261294493,0.006391469,0.679388282,0.881449099,-0.166188313,0.040187218,-0.047643474,0.023716845,-0.164885825,4.412438193,0.930612312,2.610675406,3.187583477,-0.141466346,-0.124399038,-0.0965625,-0.135120192,-1.371335841,-0.780581297,-1.813777251,9.010108544,11.05021246,13.59186326,-0.417526591,-8.108639593,-2.855223691,-0.179484106,-2.25467668,-0.123027727,-0.118579161,-0.098520432,-0.101648536
5-Mar,3.266115079,2.813392952,3.367607557,1.867126652,2.147402923,1.733374189,-0.869088332,-0.582353034,-0.609723325,-0.065254125,-0.683944932,-0.242205869,-0.068093992,0.204191202,0.269955336,0.216720921,0.213327959,4.57267392,2.063186693,3.354782733,4.096406768,-0.156466346,-0.116899038,-0.1290625,-0.130120192,-3.143582176,-1.358735011,-2.950070692,3.594181582,11.93418048,14.82543531,0.080863551,-12.42534743,-2.108496979,-1.21112773,-2.222441951,-0.136725873,-0.136150038,-0.109535147,-0.115252746
5-Jun,3.160421169,2.613663847,3.059804235,1.598538,1.772840158,1.530797003,-1.554832818,-0.891764842,-0.17715185,0.208282883,1.774494363,3.949922174,0.014730267,-0.039787789,-0.149261926,-0.289767075,-0.170845088,3.901942492,2.327386768,3.24504513,3.928282513,-0.171466346,-0.129399038,-0.1390625,-0.137620192,-5.402131532,-2.309553268,-3.04502139,6.382094466,13.19345608,11.80993075,0.70554031,4.993068313,-5.713965684,-2.154917439,-4.916692447,-0.180307517,-0.158523766,-0.200060356,-0.200912834
5-Sep,2.897345026,1.634201829,2.758031347,1.377400617,1.745435334,0.738456426,-2.020999287,-1.360859431,0.576899919,0.391276724,1.273928774,4.071671759,0.141327821,0.306444131,-0.029997238,-0.194011977,0.197886118,3.766069291,2.270508226,2.189651559,3.23021531,-0.176466346,-0.104399038,-0.1090625,-0.105120192,-1.723091455,-1.81572829,-1.339136064,2.551688439,13.96941441,11.78075045,0.901156519,-8.550183193,-6.53011302,-3.872574275,-6.144719128,-0.133733705,-0.10559465,-0.150063573,-0.143562373
5-Dec,2.610450928,1.125582091,3.311541728,1.44987448,1.095028629,0.30767933,-2.359544908,-1.340757761,0.523348169,0.146316598,1.433186031,3.202641766,0.260732821,0.127856325,0.010563936,0.197914643,0.074755469,3.917662518,2.834585388,2.288567358,3.792668999,-0.168966346,-0.119399038,-0.0915625,-0.120120192,1.080924161,-1.942398772,0.093480486,2.340065117,14.48481806,14.61202071,1.334201058,11.3826014,-7.270291007,-3.856222872,-6.65651931,-0.059352791,-0.03715792,-0.059387272,-0.040509368
6-Mar,2.693346242,1.261004112,3.094865481,1.226677884,1.216939184,-0.392988739,-3.168832924,-1.118553822,1.438575777,0.371225568,0.36177691,2.617186589,0.35689109,0.044599222,0.022444063,0.191679546,-0.066104412,4.071635196,2.148538889,2.48581346,3.926207421,-0.166466346,-0.154399038,-0.1665625,-0.177620192,-1.737701694,-2.08040403,-1.737483362,-2.734130853,16.27851299,14.89455446,4.674094083,8.953808648,-8.413096875,-4.006861593,-7.498534642,-0.036929547,-0.027942805,-0.020280138,-0.016472095
6-Jun,2.378206771,0.563047065,2.779399854,1.178317348,0.419366299,-1.105124101,-2.444020572,-1.103063944,1.752576143,0.43367659,2.347665919,6.368843333,0.451085488,0.18658578,0.163024994,0.235788965,0.065324179,3.593391158,2.700790701,2.573358886,3.538217986,-0.161466346,-0.149399038,-0.1590625,-0.165120192,-1.266336614,-1.500140323,-0.256043619,0.83378851,15.07694552,13.73941541,5.639129045,1.843932834,-8.389781293,-2.343048291,-6.896045219,0.053808353,0.064844684,0.08504626,0.083856486
6-Sep,2.295322576,0.183042644,2.872270714,1.059107701,-0.354830495,-1.874367001,-2.168382977,-1.099413742,1.373773666,0.341336759,1.704904838,6.111112033,0.516875824,0.079251034,-0.000413568,0.08788223,0.038795539,3.123850898,2.83380861,2.553520557,3.354819959,-0.158966346,-0.139399038,-0.1465625,-0.150120192,-0.948716265,-2.135321446,-0.49736516,-1.410578108,13.07909133,11.48638779,6.11606964,16.85983768,-9.046960604,-1.172981582,-6.938894033,-0.036843687,-0.028483994,-0.01560697,-0.019206287
6-Dec,2.093046823,0.090481353,3.300168087,0.690453483,1.08934459,-1.147775848,-1.592454954,-0.79307251,2.698201359,0.748746356,1.744417654,3.939431393,0.522539975,-0.215759775,-0.10885408,-0.103315744,-0.077553857,2.199983996,2.759315892,2.122585834,2.964287596,-0.156466346,-0.146899038,-0.1190625,-0.155120192,-2.663255315,-1.194882089,-2.912778189,-2.232643957,11.11665285,7.246950667,6.115724466,7.916632185,-10.19415671,-0.63017793,-7.528265672,-0.093623889,-0.087657912,-0.064491875,-0.070395489
7-Mar,1.970327366,-0.405732607,3.009834711,0.63899783,0.545920365,-1.771901932,-1.664268961,-1.072994947,2.245250905,0.66372174,0.263177347,2.361722705,0.543532771,0.440554674,0.211778235,0.059791547,0.323921846,1.744030157,2.883666787,2.603557214,3.588049502,-0.131466346,-0.121899038,-0.1315625,-0.137620192,-3.541341472,-1.337399649,-3.967727655,0.965825148,9.737689406,5.470961953,6.591268005,16.83791911,-9.981097086,0.894265221,-6.878802674,-0.086247452,-0.082388339,-0.048850748,-0.05193419
7-Jun,1.868092848,-0.801544858,2.613421531,0.621126556,-0.353090059,-1.631647705,-1.348823718,-1.06022147,2.312920151,0.357637871,2.197245828,5.68158006,0.564982454,0.160637322,-0.121155878,0.003810674,-0.081010328,2.047898647,3.10290846,3.072207059,4.194566783,-0.123966346,-0.119399038,-0.1265625,-0.135120192,-0.534211888,-0.856598747,-1.577274698,11.60172112,9.564576221,7.096559442,8.275758672,16.76613479,-10.42395067,1.364440319,-7.024670736,0.015628942,0.012668243,0.074114426,0.078998537
7-Sep,1.548473128,-1.162234483,2.439729176,0.281651609,-0.518016584,-1.920664881,-1.25007933,-0.845633457,2.180692357,0.312612174,1.305775646,5.014161369,0.519177561,-0.083585885,0.112886238,0.03741751,0.157620998,1.656098559,2.719944494,2.636384034,3.695702834,-0.121466346,-0.094399038,-0.1040625,-0.105120192,-0.079379644,0.139663611,-0.464008412,5.853697868,8.090237978,5.462818353,9.32185019,14.43126849,-9.367920683,2.620149919,-5.907542137,-0.017597485,-0.022093157,0.049732194,0.057756078
7-Dec,1.066154282,-1.145264972,1.883233523,-0.097314696,0.418036241,-1.813404218,-0.544555565,-0.587836831,1.628259967,0.351446385,1.119797783,2.651410308,0.383053511,-0.337638976,0.17875972,0.233786785,0.143118228,0.778025459,1.638326507,1.901507918,2.698681746,-0.068966346,-0.064399038,-0.0340625,-0.067620192,0.123005813,2.423051105,-0.911653557,-2.094554514,6.015875855,2.03287683,9.816347206,21.08628547,-8.329379269,4.957011786,-4.457148635,-0.008039277,-0.018785447,0.040784781,0.042142445
8-Mar,0.384753768,-1.679659674,0.774145759,-0.041101426,0.750901316,-1.188016909,0.116543483,-0.270104237,1.547824945,0.048021138,-0.984724096,0.22842625,0.020721239,-0.088007048,0.140577076,0.06354796,0.227952924,-0.07172764,0.955810447,0.866682101,1.299560095,-0.048966346,-0.001899038,-0.0140625,-0.002620192,-1.393443272,3.646350744,-2.246258434,14.65295136,3.631376011,-1.068277317,9.64380735,8.620156246,-6.876657941,7.843669903,-2.563086621,0.047202017,0.057992274,0.05502333,0.054925552
8-Jun,-0.340619334,-2.559146822,0.665048079,-0.727633489,-0.590428968,-1.431970812,0.357117371,-0.368848919,0.513866357,0.006091018,0.100373867,2.384746407,-0.081447727,0.34948518,0.178114497,0.082208914,0.469765398,-0.906228079,-1.242752176,-1.281430945,-1.429033724,-0.023966346,0.063100962,0.0584375,0.064879808,1.488585095,3.909759566,-0.851091875,10.68065273,1.331618812,-3.93614813,8.288523545,1.502815204,-4.732235861,11.37817748,0.00316658,0.088529876,0.083652648,0.105173491,0.111346975
8-Sep,-1.918442235,-4.497634617,-1.289812546,-1.679394375,-1.206511373,-2.504057269,0.411475725,-0.852039868,-1.38454594,-0.096613205,-1.478726066,1.136550724,-0.074594812,0.644713735,-0.01947787,0.15013708,-0.138837181,-2.392340373,-4.090920392,-4.490138048,-4.935397801,0.001033654,0.130600962,0.1184375,0.139879808,4.587749099,5.246251401,5.734112231,11.74189113,-2.794038221,-8.100941767,5.464192028,-8.638904089,-3.970588127,14.28491458,1.400963085,0.146318274,0.14357207,0.138926529,0.141613961
8-Dec,-3.287537322,-5.710150463,-2.934772004,-2.00185636,-1.047367718,-1.277905795,2.167232211,0.117273436,-4.137146662,-0.356029795,-3.560928197,-4.524574905,-0.429810537,-0.727002236,-0.38529885,-0.383045899,-0.402194096,-4.853621133,-7.205067016,-8.627046958,-10.60746322,0.111033654,0.228100962,0.2584375,0.237379808,15.08857351,10.07116585,11.1033221,5.52874434,-9.512009018,-20.26218282,-0.047276126,-33.25161146,0.081320685,20.71487162,6.136954846,0.425885857,0.460574653,0.176407971,0.203364163
9-Mar,-3.546354861,-6.095885644,-2.818880418,-2.46961599,-2.681583953,-0.768454576,2.521462877,0.427703758,-6.552724765,-1.020220023,-7.63775784,-11.993464,-0.365638798,-0.153189474,-0.085866018,0.170802341,-0.476778522,-6.818458528,-11.70950416,-14.13048971,-17.12576957,0.231033654,0.265600962,0.2484375,0.302379808,4.499759166,3.521349322,3.52665924,-7.014385369,-21.46624847,-34.22041291,-11.95447901,-43.1413814,2.626632323,24.79146767,9.102723021,0.424959821,0.487394779,0.177656518,0.22664673
9-Jun,-4.870156438,-7.110056563,-3.77605012,-3.748281462,-0.927771817,-0.74679369,2.475640798,0.472675585,-7.32062833,-0.892347814,-7.365458133,-12.32113048,-0.297854861,-0.297651539,0.219276954,0.123636928,-0.091910477,-8.233718833,-15.22330875,-17.408028,-20.32247955,0.356033654,0.413100962,0.4109375,0.442379808,2.114145306,1.168996327,4.584761722,7.986328988,-26.47378748,-40.40359411,-16.25228318,-37.33544955,4.981652097,27.0276723,11.41602475,0.196001183,0.203978968,0.117600615,0.153883703
9-Sep,-4.348962244,-6.532123359,-3.170818362,-3.763474533,-0.717638282,0.095061919,1.48046988,0.951544428,-7.13334023,-1.715361636,-8.711979405,-13.71613565,-0.25200547,-0.157675893,-0.026117089,0.002139843,-0.075761219,-7.415853177,-13.76709889,-16.08353599,-18.52190398,0.386033654,0.470600962,0.4584375,0.514879808,-1.122299328,-1.888816036,2.53741346,-2.623268668,-27.54347906,-37.71623477,-18.02635312,-31.14517962,5.622452144,26.90161234,11.83892728,-0.09379464,-0.087530879,-0.08144233,-0.087644526
9-Dec,-4.110789111,-5.903476348,-2.25311663,-3.557010294,-0.608330867,-0.01273727,3.341843947,1.459693497,-6.218500411,-2.511135445,-9.466984306,-17.31790814,-0.198451205,-0.378472632,0.155125199,0.012058474,0.286628935,-6.645846664,-12.46156855,-15.02092722,-17.47269318,0.388533654,0.505600962,0.5384375,0.542379808,0.802539971,-2.273248478,-2.351201202,1.376577196,-27.91639469,-31.93505886,-18.79140634,-32.1449838,6.757728521,29.0670622,13.23727553,-0.07235473,-0.087620349,-0.019728406,-0.038253747
10-Mar,-4.614141359,-6.400791538,-2.036785928,-4.438901466,-1.534807412,0.137283815,3.8820826,1.303258593,-4.967898529,-2.335857069,-11.37070867,-19.87050503,-0.127395147,-0.008479596,0.006317707,-0.349227447,0.091454231,-6.624918794,-11.40723663,-13.98666425,-16.68076147,0.278533654,0.498100962,0.4809375,0.574879808,-5.246610621,-1.005809567,-6.685001048,-3.292132201,-28.54370386,-26.66626833,-18.50646834,-24.80709418,6.143400126,27.10725914,12.24731343,-0.09004755,-0.116720323,-0.002462802,-0.025704969
10-Jun,-4.427381529,-6.418235551,-1.767144773,-4.334240461,-1.729959786,0.05944302,3.457790574,1.2401404,-3.982793005,-2.768687111,-9.364456528,-15.33907795,-0.061416342,0.247255404,-0.084984451,0.00331274,-0.073795593,-5.721606126,-10.5924814,-12.87129739,-15.129015,0.216033654,0.455600962,0.4559375,0.509879808,-6.935387465,-2.732783598,-2.716163781,-13.24027012,-25.10657185,-21.3508217,-15.26769422,-16.86415586,5.023960971,24.98423773,10.84419386,-0.09219634,-0.120206918,-0.082338379,-0.097735294
10-Sep,-4.617343203,-7.174491812,-1.779627143,-4.658943327,-2.032490901,-0.252098566,3.059734823,0.891200473,-3.075615159,-2.778423907,-9.863932367,-14.7156675,0.001985783,0.294542971,-0.197975434,-0.063568689,-0.189949274,-5.452734303,-9.272041402,-11.99949698,-14.83094779,0.173533654,0.385600962,0.3709375,0.422379808,-2.454215097,-4.846102993,1.075627639,-9.646118122,-25.85103685,-18.79057293,-14.00035343,-6.224134536,6.245339386,25.77753443,11.93899573,-0.22656806,-0.233383302,-0.179546456,-0.192065757
10-Dec,-3.845190519,-6.307031921,-0.831220333,-4.437039051,-1.987087686,0.331644375,3.848543343,1.009640369,-3.409719955,-3.356042063,-9.777426975,-16.74613175,0.06035019,-0.091118693,-0.104032612,-0.033989805,-0.002420212,-5.670957786,-9.22810038,-11.88964125,-14.65181638,0.081033654,0.303100962,0.3384375,0.332379808,0.883368127,-3.1372643,-2.673497465,-6.489039881,-24.06501178,-24.33962047,-12.11922273,-22.08949705,4.422115309,25.72313871,10.56574117,-0.108372047,-0.131477512,-0.044226891,-0.06385631
